"","Kingdom","Phylum","Class","Order","Family","Genus","Species"
"OTU2","Bacteria","Proteobacteria","Alphaproteobacteria","Rhizobiales","Bradyrhizobiaceae","Bradyrhizobium",NA
"OTU13","Bacteria","Proteobacteria","Alphaproteobacteria","Rhizobiales",NA,NA,NA
"OTU14","Bacteria","Firmicutes","Clostridia","Clostridiales","Clostridiaceae_1","Clostridium_sensu_stricto",NA
"OTU16","Bacteria","Proteobacteria","Alphaproteobacteria","Rhizobiales",NA,NA,NA
"OTU19","Bacteria","Proteobacteria","Alphaproteobacteria","Rhizobiales",NA,NA,NA
"OTU26","Bacteria","Proteobacteria","Alphaproteobacteria","Rhizobiales",NA,NA,NA
"OTU31","Bacteria","Proteobacteria","Alphaproteobacteria","Rhodospirillales",NA,NA,NA
"OTU36","Bacteria","Proteobacteria","Alphaproteobacteria","Rhodospirillales",NA,NA,NA
"OTU38","Bacteria","Proteobacteria","Alphaproteobacteria","Rhodospirillales",NA,NA,NA
"OTU39","Bacteria","Proteobacteria","Alphaproteobacteria","Rhodospirillales",NA,NA,NA
"OTU41","Bacteria","Actinobacteria","Actinobacteria","Actinomycetales",NA,NA,NA
"OTU42","Bacteria","Proteobacteria","Alphaproteobacteria","Rhizobiales",NA,NA,NA
"OTU49","Bacteria","Proteobacteria","Alphaproteobacteria",NA,NA,NA,NA
"OTU68","Bacteria","Proteobacteria","Alphaproteobacteria","Rhodospirillales",NA,NA,NA
"OTU71","Bacteria","Acidobacteria","Acidobacteria_Gp1",NA,NA,NA,NA
"OTU73","Bacteria","Planctomycetes","Planctomycetia","Planctomycetales","Planctomycetaceae",NA,NA
"OTU74","Bacteria","Proteobacteria","Alphaproteobacteria","Rhodospirillales",NA,NA,NA
"OTU95","Bacteria","Proteobacteria","Alphaproteobacteria","Rhizobiales",NA,NA,NA
"OTU96","Bacteria","Proteobacteria","Alphaproteobacteria","Rhodospirillales",NA,NA,NA
"OTU97","Bacteria","Proteobacteria","Alphaproteobacteria",NA,NA,NA,NA
"OTU102","Bacteria","Proteobacteria","Alphaproteobacteria","Rhodospirillales",NA,NA,NA
"OTU108","Bacteria","Proteobacteria","Alphaproteobacteria",NA,NA,NA,NA
"OTU116","Bacteria","Proteobacteria","Alphaproteobacteria",NA,NA,NA,NA
"OTU119","Bacteria","Actinobacteria","Actinobacteria","Actinomycetales",NA,NA,NA
"OTU120","Bacteria","Proteobacteria","Alphaproteobacteria","Rhodospirillales","Acetobacteraceae",NA,NA
"OTU126","Bacteria","Proteobacteria","Alphaproteobacteria",NA,NA,NA,NA
"OTU131","Bacteria","Actinobacteria","Actinobacteria","Actinomycetales",NA,NA,NA
"OTU133","Bacteria","Proteobacteria","Alphaproteobacteria","Rhodospirillales",NA,NA,NA
"OTU136","Bacteria","Acidobacteria","Acidobacteria_Gp1","","","Edaphobacter",NA
"OTU143","Bacteria","Actinobacteria","Actinobacteria","Actinomycetales",NA,NA,NA
"OTU144","Bacteria","Acidobacteria","Acidobacteria_Gp1","","","Gp1",NA
"OTU145","Bacteria","Proteobacteria","Alphaproteobacteria","Rhodospirillales",NA,NA,NA
"OTU148","Bacteria","Proteobacteria","Alphaproteobacteria",NA,NA,NA,NA
"OTU151","Bacteria","Proteobacteria","Alphaproteobacteria","Rhizobiales",NA,NA,NA
"OTU152","Bacteria","Actinobacteria","Actinobacteria","Actinomycetales",NA,NA,NA
"OTU154","Bacteria","Acidobacteria","Acidobacteria_Gp1","","","Granulicella",NA
"OTU155","Bacteria","Proteobacteria","Alphaproteobacteria",NA,NA,NA,NA
"OTU161","Bacteria","Proteobacteria","Alphaproteobacteria","Rhizobiales",NA,NA,NA
"OTU167","Bacteria","Proteobacteria","Alphaproteobacteria",NA,NA,NA,NA
"OTU168","Bacteria","Proteobacteria","Alphaproteobacteria",NA,NA,NA,NA
"OTU169","Bacteria","Proteobacteria","Alphaproteobacteria","Rhodospirillales",NA,NA,NA
"OTU171","Bacteria","Actinobacteria","Actinobacteria","Actinomycetales",NA,NA,NA
"OTU180","Bacteria","Proteobacteria","Alphaproteobacteria",NA,NA,NA,NA
"OTU181","Bacteria","Proteobacteria","Alphaproteobacteria","Rhodospirillales","Acetobacteraceae",NA,NA
"OTU191","Bacteria","Proteobacteria","Alphaproteobacteria",NA,NA,NA,NA
"OTU192","Bacteria","Proteobacteria","Alphaproteobacteria",NA,NA,NA,NA
"OTU194","Bacteria","Actinobacteria","Actinobacteria","Rubrobacterales","Rubrobacteraceae","Rubrobacter",NA
"OTU195","Bacteria","Proteobacteria","Alphaproteobacteria",NA,NA,NA,NA
"OTU196","Bacteria","Acidobacteria","Acidobacteria_Gp1",NA,NA,NA,NA
"OTU197","Bacteria","Proteobacteria","Alphaproteobacteria","Rhodospirillales",NA,NA,NA
"OTU199","Bacteria","Proteobacteria","Alphaproteobacteria",NA,NA,NA,NA
"OTU209","Bacteria","Firmicutes","Bacilli","Bacillales","Bacillaceae_1","Bacillus",NA
"OTU213","Bacteria","Actinobacteria","Actinobacteria","Actinomycetales","Mycobacteriaceae","Mycobacterium",NA
"OTU218","Bacteria","Actinobacteria","Actinobacteria","Actinomycetales",NA,NA,NA
"OTU219","Bacteria","Acidobacteria","Acidobacteria_Gp2","","","Gp2",NA
"OTU231","Bacteria","Actinobacteria","Actinobacteria","Actinomycetales",NA,NA,NA
"OTU232","Bacteria","Proteobacteria","Alphaproteobacteria","Rhodospirillales",NA,NA,NA
"OTU234","Bacteria","Acidobacteria","Acidobacteria_Gp1",NA,NA,NA,NA
"OTU235","Bacteria","Acidobacteria","Acidobacteria_Gp1",NA,NA,NA,NA
"OTU240","Bacteria","Proteobacteria","Alphaproteobacteria","Rhodospirillales",NA,NA,NA
"OTU245","Bacteria","Actinobacteria","Actinobacteria","Actinomycetales",NA,NA,NA
"OTU248","Bacteria","Proteobacteria","Alphaproteobacteria",NA,NA,NA,NA
"OTU250","Bacteria","Proteobacteria","Alphaproteobacteria","Rhodospirillales","Acetobacteraceae",NA,NA
"OTU253","Bacteria","Proteobacteria","Alphaproteobacteria",NA,NA,NA,NA
"OTU254","Bacteria","Proteobacteria","Alphaproteobacteria","Rhizobiales",NA,NA,NA
"OTU258","Bacteria","Proteobacteria","Alphaproteobacteria","Rhodospirillales",NA,NA,NA
"OTU260","Bacteria","Firmicutes","Bacilli","Bacillales","Bacillaceae_1","Bacillus",NA
"OTU270","Bacteria","Actinobacteria","Actinobacteria","Actinomycetales",NA,NA,NA
"OTU273","Bacteria","Proteobacteria","Alphaproteobacteria","Rhizobiales",NA,NA,NA
"OTU278","Bacteria","Proteobacteria","Alphaproteobacteria","Rhodospirillales",NA,NA,NA
"OTU279","Bacteria","Proteobacteria","Alphaproteobacteria","Rhodospirillales",NA,NA,NA
"OTU280","Bacteria","Proteobacteria","Alphaproteobacteria","Rhodospirillales",NA,NA,NA
"OTU283","Bacteria","Proteobacteria","Alphaproteobacteria",NA,NA,NA,NA
"OTU287","Bacteria","Proteobacteria","Alphaproteobacteria",NA,NA,NA,NA
"OTU290","Bacteria","Planctomycetes","Planctomycetia","Planctomycetales","Planctomycetaceae",NA,NA
"OTU293","Bacteria","Proteobacteria","Alphaproteobacteria","Rhizobiales",NA,NA,NA
"OTU294","Bacteria","Proteobacteria","Alphaproteobacteria","Rhodospirillales",NA,NA,NA
"OTU299","Bacteria","Acidobacteria","Acidobacteria_Gp1","","","Gp1",NA
"OTU302","Bacteria","Proteobacteria","Alphaproteobacteria",NA,NA,NA,NA
"OTU307","Bacteria","Proteobacteria","Alphaproteobacteria","Rhizobiales",NA,NA,NA
"OTU309","Bacteria","Proteobacteria","Alphaproteobacteria","Rhodospirillales",NA,NA,NA
"OTU311","Bacteria","Acidobacteria","Acidobacteria_Gp2","","","Gp2",NA
"OTU312","Bacteria","Actinobacteria","Actinobacteria","Actinomycetales",NA,NA,NA
"OTU315","Bacteria","Actinobacteria","Actinobacteria","Actinomycetales","Mycobacteriaceae","Mycobacterium",NA
"OTU316","Bacteria","Proteobacteria","Alphaproteobacteria","Rhodospirillales",NA,NA,NA
"OTU317","Bacteria","Proteobacteria","Alphaproteobacteria","Rhizobiales",NA,NA,NA
"OTU319","Bacteria","Proteobacteria","Alphaproteobacteria","Rhodospirillales",NA,NA,NA
"OTU320","Bacteria","Proteobacteria","Alphaproteobacteria","Rhodospirillales",NA,NA,NA
"OTU321","Bacteria","Actinobacteria","Actinobacteria","Actinomycetales",NA,NA,NA
"OTU322","Bacteria","Actinobacteria","Actinobacteria","Actinomycetales",NA,NA,NA
"OTU323","Bacteria","Actinobacteria","Actinobacteria","Actinomycetales",NA,NA,NA
"OTU327","Bacteria","Acidobacteria","Acidobacteria_Gp1","","","Gp1",NA
"OTU329","Bacteria","Proteobacteria","Alphaproteobacteria",NA,NA,NA,NA
"OTU330","Bacteria","Proteobacteria","Alphaproteobacteria",NA,NA,NA,NA
"OTU336","Bacteria","Proteobacteria","Alphaproteobacteria",NA,NA,NA,NA
"OTU337","Bacteria","Acidobacteria","Acidobacteria_Gp1","","","Gp1",NA
"OTU346","Bacteria","Acidobacteria","Acidobacteria_Gp1","","","Gp1",NA
"OTU350","Bacteria","Actinobacteria","Actinobacteria","Actinomycetales","Mycobacteriaceae","Mycobacterium",NA
"OTU352","Bacteria","Proteobacteria","Alphaproteobacteria","Rhizobiales",NA,NA,NA
"OTU353","Bacteria","Proteobacteria","Alphaproteobacteria",NA,NA,NA,NA
"OTU354","Bacteria","Actinobacteria","Actinobacteria","Actinomycetales","Pseudonocardiaceae","Pseudonocardia",NA
"OTU356","Bacteria","Actinobacteria","Actinobacteria","Gaiellales","Gaiellaceae","Gaiella",NA
"OTU362","Bacteria","Actinobacteria","Actinobacteria","Actinomycetales",NA,NA,NA
"OTU363","Bacteria","Acidobacteria","Acidobacteria_Gp1",NA,NA,NA,NA
"OTU365","Bacteria","Proteobacteria","Alphaproteobacteria","Rhodospirillales",NA,NA,NA
"OTU374","Bacteria","Proteobacteria","Alphaproteobacteria",NA,NA,NA,NA
"OTU376","Bacteria","Actinobacteria","Actinobacteria","Actinomycetales","Mycobacteriaceae","Mycobacterium",NA
"OTU379","Bacteria","Actinobacteria","Actinobacteria","Actinomycetales",NA,NA,NA
"OTU380","Bacteria","Proteobacteria","Alphaproteobacteria","Rhizobiales",NA,NA,NA
"OTU386","Bacteria","Proteobacteria","Alphaproteobacteria","Rhodospirillales",NA,NA,NA
"OTU387","Bacteria","Proteobacteria","Alphaproteobacteria","Rhodospirillales",NA,NA,NA
"OTU393","Bacteria","Actinobacteria","Actinobacteria","Actinomycetales",NA,NA,NA
"OTU395","Bacteria","Proteobacteria","Alphaproteobacteria","Rhodospirillales",NA,NA,NA
"OTU396","Bacteria","Proteobacteria","Alphaproteobacteria","Rhodospirillales",NA,NA,NA
"OTU397","Bacteria","Actinobacteria","Actinobacteria","Actinomycetales",NA,NA,NA
"OTU399","Bacteria","Actinobacteria","Actinobacteria","Actinomycetales",NA,NA,NA
"OTU400","Bacteria","Proteobacteria","Alphaproteobacteria","Rhodospirillales",NA,NA,NA
"OTU404","Bacteria","Actinobacteria","Actinobacteria","Actinomycetales",NA,NA,NA
"OTU409","Bacteria","Proteobacteria","Alphaproteobacteria","Rhodospirillales",NA,NA,NA
"OTU411","Bacteria","Proteobacteria","Alphaproteobacteria","Rhodospirillales",NA,NA,NA
"OTU416","Bacteria","Actinobacteria","Actinobacteria","Actinomycetales",NA,NA,NA
"OTU419","Bacteria","Actinobacteria","Actinobacteria","Actinomycetales",NA,NA,NA
"OTU421","Bacteria","Proteobacteria","Alphaproteobacteria","Rhizobiales",NA,NA,NA
"OTU422","Bacteria","Actinobacteria","Actinobacteria","Rubrobacterales","Rubrobacteraceae","Rubrobacter",NA
"OTU425","Bacteria","Actinobacteria","Actinobacteria","Actinomycetales",NA,NA,NA
"OTU429","Bacteria","Proteobacteria","Alphaproteobacteria","Rhizobiales","Phyllobacteriaceae","Mesorhizobium",NA
"OTU432","Bacteria","Acidobacteria","Acidobacteria_Gp2","","","Gp2",NA
"OTU433","Bacteria","Actinobacteria","Actinobacteria","Actinomycetales",NA,NA,NA
"OTU437","Bacteria","Actinobacteria","Actinobacteria","Actinomycetales",NA,NA,NA
"OTU438","Bacteria","Proteobacteria","Alphaproteobacteria",NA,NA,NA,NA
"OTU439","Bacteria","Proteobacteria",NA,NA,NA,NA,NA
"OTU445","Bacteria","Acidobacteria","Acidobacteria_Gp1","","","Gp1",NA
"OTU448","Bacteria","Acidobacteria","Acidobacteria_Gp1","","","Gp1",NA
"OTU452","Bacteria","Proteobacteria","Alphaproteobacteria","Rhodospirillales",NA,NA,NA
"OTU454","Bacteria","Proteobacteria","Alphaproteobacteria","Rhizobiales",NA,NA,NA
"OTU458","Bacteria","Proteobacteria","Alphaproteobacteria",NA,NA,NA,NA
"OTU460","Bacteria","Acidobacteria","Acidobacteria_Gp2","","","Gp2",NA
"OTU462","Bacteria","Proteobacteria","Alphaproteobacteria","Rhizobiales",NA,NA,NA
"OTU465","Bacteria","Actinobacteria","Actinobacteria","Actinomycetales",NA,NA,NA
"OTU467","Bacteria","Proteobacteria","Gammaproteobacteria","Xanthomonadales","Xanthomonadaceae",NA,NA
"OTU468","Bacteria","Proteobacteria","Alphaproteobacteria","Rhodospirillales",NA,NA,NA
"OTU469","Bacteria","Proteobacteria","Alphaproteobacteria",NA,NA,NA,NA
"OTU471","Bacteria","Proteobacteria","Alphaproteobacteria","Rhizobiales",NA,NA,NA
"OTU472","Bacteria","Proteobacteria","Alphaproteobacteria","Rhodospirillales",NA,NA,NA
"OTU478","Bacteria","Actinobacteria","Actinobacteria","Actinomycetales",NA,NA,NA
"OTU480","Bacteria","Actinobacteria","Actinobacteria","Actinomycetales",NA,NA,NA
"OTU486","Bacteria","","","","","",""
"OTU491","Bacteria","Actinobacteria","Actinobacteria","Solirubrobacterales",NA,NA,NA
"OTU495","Bacteria","Proteobacteria","Alphaproteobacteria",NA,NA,NA,NA
"OTU506","Bacteria","Proteobacteria","Alphaproteobacteria","Rhodospirillales","Acetobacteraceae",NA,NA
"OTU510","Bacteria","Actinobacteria","Actinobacteria","Actinomycetales","Geodermatophilaceae","Geodermatophilus",NA
"OTU513","Bacteria","Proteobacteria","Alphaproteobacteria","Rhodospirillales",NA,NA,NA
"OTU514","Bacteria","Acidobacteria","Acidobacteria_Gp1","","","Gp1",NA
"OTU516","Bacteria","Proteobacteria","Alphaproteobacteria","Rhizobiales",NA,NA,NA
"OTU518","Bacteria","Proteobacteria",NA,NA,NA,NA,NA
"OTU519","Bacteria","Acidobacteria","Acidobacteria_Gp3","","","Candidatus_Solibacter",NA
"OTU521","Bacteria","Proteobacteria","Alphaproteobacteria",NA,NA,NA,NA
"OTU523","Bacteria","Proteobacteria","Alphaproteobacteria","Rhodospirillales",NA,NA,NA
"OTU524","Bacteria","Proteobacteria","Alphaproteobacteria","Rhodospirillales",NA,NA,NA
"OTU532","Bacteria","Proteobacteria",NA,NA,NA,NA,NA
"OTU533","Bacteria","Proteobacteria","Alphaproteobacteria",NA,NA,NA,NA
"OTU534","Bacteria","Actinobacteria","Actinobacteria","Actinomycetales",NA,NA,NA
"OTU544","Bacteria","Proteobacteria","Alphaproteobacteria","Rhodospirillales",NA,NA,NA
"OTU545","Bacteria","Acidobacteria","Acidobacteria_Gp1","","","Gp1",NA
"OTU547","Bacteria","Proteobacteria","Alphaproteobacteria","Rhodospirillales","Acetobacteraceae",NA,NA
"OTU553","Bacteria","Proteobacteria","Alphaproteobacteria","Rhizobiales",NA,NA,NA
"OTU557","Bacteria","Proteobacteria","Alphaproteobacteria","Rhodospirillales",NA,NA,NA
"OTU567","Bacteria","Proteobacteria",NA,NA,NA,NA,NA
"OTU571","Bacteria","Proteobacteria","Alphaproteobacteria","Rhizobiales",NA,NA,NA
"OTU573","Bacteria","Actinobacteria",NA,NA,NA,NA,NA
"OTU576","Bacteria","Proteobacteria","Alphaproteobacteria","Rhodospirillales",NA,NA,NA
"OTU579","Bacteria","Proteobacteria","Alphaproteobacteria",NA,NA,NA,NA
"OTU585","Bacteria","Actinobacteria","Actinobacteria","Actinomycetales",NA,NA,NA
"OTU589","Bacteria","Acidobacteria","Acidobacteria_Gp2","","","Gp2",NA
"OTU597","Bacteria","Proteobacteria","Alphaproteobacteria","Rhodospirillales",NA,NA,NA
"OTU599","Bacteria","Actinobacteria","Actinobacteria","Rubrobacterales","Rubrobacteraceae","Rubrobacter",NA
"OTU602","Bacteria","Proteobacteria","Alphaproteobacteria","Rhodospirillales","Acetobacteraceae",NA,NA
"OTU604","Bacteria","Proteobacteria","Alphaproteobacteria","Rhizobiales",NA,NA,NA
"OTU605","Bacteria","Proteobacteria","Alphaproteobacteria",NA,NA,NA,NA
"OTU609","Bacteria","Proteobacteria","Alphaproteobacteria",NA,NA,NA,NA
"OTU610","Bacteria","Proteobacteria","Alphaproteobacteria","Rhodospirillales",NA,NA,NA
"OTU615","Bacteria","Actinobacteria","Actinobacteria","Actinomycetales",NA,NA,NA
"OTU617","Bacteria","Proteobacteria","Alphaproteobacteria","Rhizobiales",NA,NA,NA
"OTU618","Bacteria","Proteobacteria","Alphaproteobacteria","Rhodospirillales",NA,NA,NA
"OTU632","Bacteria","Proteobacteria","Alphaproteobacteria","Rhodospirillales",NA,NA,NA
"OTU634","Bacteria","Acidobacteria","Acidobacteria_Gp2","","","Gp2",NA
"OTU636","Bacteria","Actinobacteria","Actinobacteria","Actinomycetales",NA,NA,NA
"OTU640","Bacteria","Proteobacteria","Alphaproteobacteria",NA,NA,NA,NA
"OTU643","Bacteria","Actinobacteria","Actinobacteria","Actinomycetales",NA,NA,NA
"OTU649","Bacteria","Actinobacteria","Actinobacteria","Actinomycetales",NA,NA,NA
"OTU654","Bacteria","Proteobacteria","Alphaproteobacteria",NA,NA,NA,NA
"OTU655","Bacteria","Proteobacteria","Alphaproteobacteria",NA,NA,NA,NA
"OTU659","Bacteria","Actinobacteria","Actinobacteria",NA,NA,NA,NA
"OTU660","Bacteria","Actinobacteria","Actinobacteria","Actinomycetales","Pseudonocardiaceae","Pseudonocardia",NA
"OTU668","Bacteria","Actinobacteria","Actinobacteria","Gaiellales","Gaiellaceae","Gaiella",NA
"OTU669","Bacteria","Actinobacteria","Actinobacteria","Actinomycetales",NA,NA,NA
"OTU671","Bacteria","Proteobacteria","Alphaproteobacteria","Rhodospirillales",NA,NA,NA
"OTU672","Bacteria","Actinobacteria","Actinobacteria",NA,NA,NA,NA
"OTU674","Bacteria","Planctomycetes","Planctomycetia","Planctomycetales","Planctomycetaceae",NA,NA
"OTU685","Bacteria","Acidobacteria","Acidobacteria_Gp1","","","Gp1",NA
"OTU700","Bacteria","Proteobacteria","Alphaproteobacteria",NA,NA,NA,NA
"OTU705","Bacteria","Acidobacteria","Acidobacteria_Gp1","","","Gp1",NA
"OTU709","Bacteria","Actinobacteria","Actinobacteria","Gaiellales","Gaiellaceae","Gaiella",NA
"OTU715","Bacteria","Proteobacteria","Alphaproteobacteria","Rhodospirillales",NA,NA,NA
"OTU720","Bacteria","Proteobacteria","Alphaproteobacteria","Rhodospirillales",NA,NA,NA
"OTU727","Bacteria","Actinobacteria","Actinobacteria","Actinomycetales","Pseudonocardiaceae","Pseudonocardia",NA
"OTU747","Bacteria","Proteobacteria","Alphaproteobacteria",NA,NA,NA,NA
"OTU752","Bacteria","Proteobacteria","Alphaproteobacteria","Rhodospirillales","Acetobacteraceae",NA,NA
"OTU757","Bacteria","Proteobacteria","Alphaproteobacteria","Rhodospirillales",NA,NA,NA
"OTU760","Bacteria","Acidobacteria","Acidobacteria_Gp1","","","Gp1",NA
"OTU768","Bacteria","Acidobacteria","Acidobacteria_Gp2","","","Gp2",NA
"OTU771","Bacteria","Actinobacteria","Actinobacteria","Actinomycetales",NA,NA,NA
"OTU774","Bacteria","Proteobacteria","Alphaproteobacteria","Rhizobiales",NA,NA,NA
"OTU777","Bacteria","Proteobacteria","Alphaproteobacteria","Rhodospirillales",NA,NA,NA
"OTU779","Bacteria","Proteobacteria","Alphaproteobacteria",NA,NA,NA,NA
"OTU780","Bacteria","Actinobacteria","Actinobacteria","Actinomycetales",NA,NA,NA
"OTU782","Bacteria","Actinobacteria","Actinobacteria","Actinomycetales","Pseudonocardiaceae","Pseudonocardia",NA
"OTU785","Bacteria","Actinobacteria","Actinobacteria","Gaiellales","Gaiellaceae","Gaiella",NA
"OTU786","Bacteria","Proteobacteria","Alphaproteobacteria","Rhizobiales",NA,NA,NA
"OTU789","Bacteria","Actinobacteria","Actinobacteria","Actinomycetales",NA,NA,NA
"OTU797","Bacteria","Proteobacteria","Alphaproteobacteria","Rhizobiales",NA,NA,NA
"OTU798","Bacteria","Proteobacteria","Alphaproteobacteria",NA,NA,NA,NA
"OTU801","Bacteria","Proteobacteria","Alphaproteobacteria","Rhodospirillales",NA,NA,NA
"OTU803","Bacteria","Acidobacteria","Acidobacteria_Gp2","","","Gp2",NA
"OTU805","Bacteria","Acidobacteria","Acidobacteria_Gp2","","","Gp2",NA
"OTU806","Bacteria","Proteobacteria","Alphaproteobacteria","Rhodospirillales",NA,NA,NA
"OTU813","Bacteria","Proteobacteria","Alphaproteobacteria","Rhodospirillales",NA,NA,NA
"OTU817","Bacteria","Actinobacteria","Actinobacteria","Solirubrobacterales",NA,NA,NA
"OTU819","Bacteria","Proteobacteria","Alphaproteobacteria","Rhodospirillales",NA,NA,NA
"OTU827","Bacteria","Actinobacteria","Actinobacteria","Actinomycetales",NA,NA,NA
"OTU849","Bacteria","Actinobacteria","Actinobacteria","Actinomycetales",NA,NA,NA
"OTU851","Bacteria","Actinobacteria","Actinobacteria","Actinomycetales",NA,NA,NA
"OTU855","Bacteria","Proteobacteria","Alphaproteobacteria","Rhizobiales",NA,NA,NA
"OTU856","Bacteria","Actinobacteria","Actinobacteria","Actinomycetales",NA,NA,NA
"OTU857","Bacteria","Proteobacteria","Alphaproteobacteria","Rhodospirillales",NA,NA,NA
"OTU862","Bacteria","Actinobacteria","Actinobacteria","Actinomycetales",NA,NA,NA
"OTU864","Bacteria","Actinobacteria","Actinobacteria","Actinomycetales",NA,NA,NA
"OTU865","Bacteria","Proteobacteria","Alphaproteobacteria","Rhizobiales",NA,NA,NA
"OTU867","Bacteria","Actinobacteria","Actinobacteria","Actinomycetales","Mycobacteriaceae","Mycobacterium",NA
"OTU868","Bacteria","Firmicutes","Bacilli","Bacillales","Bacillaceae_1","Bacillus",NA
"OTU871","Bacteria","Proteobacteria","Alphaproteobacteria",NA,NA,NA,NA
"OTU872","Bacteria","","","","","",""
"OTU878","Bacteria","Actinobacteria","Actinobacteria","Actinomycetales",NA,NA,NA
"OTU880","Bacteria","Acidobacteria","Acidobacteria_Gp2","","","Gp2",NA
"OTU881","Bacteria","Proteobacteria","Alphaproteobacteria",NA,NA,NA,NA
"OTU882","Bacteria","Proteobacteria","Alphaproteobacteria",NA,NA,NA,NA
"OTU885","Bacteria","Actinobacteria","Actinobacteria","Actinomycetales",NA,NA,NA
"OTU887","Bacteria","Proteobacteria","Alphaproteobacteria","Rhodospirillales",NA,NA,NA
"OTU890","Bacteria","Proteobacteria","Alphaproteobacteria","Rhodospirillales",NA,NA,NA
"OTU891","Bacteria","Actinobacteria","Actinobacteria","Actinomycetales",NA,NA,NA
"OTU909","Bacteria","Proteobacteria","Alphaproteobacteria","Rhizobiales",NA,NA,NA
"OTU924","Bacteria","Proteobacteria","Alphaproteobacteria","Rhodospirillales",NA,NA,NA
"OTU925","Bacteria","Proteobacteria","Alphaproteobacteria","Rhodospirillales","Acetobacteraceae",NA,NA
"OTU928","Bacteria","Proteobacteria","Alphaproteobacteria","Rhodospirillales",NA,NA,NA
"OTU929","Bacteria","Actinobacteria","Actinobacteria","Gaiellales","Gaiellaceae","Gaiella",NA
"OTU931","Bacteria","Proteobacteria","Alphaproteobacteria","Rhodospirillales",NA,NA,NA
"OTU936","Bacteria","Actinobacteria","Actinobacteria","Actinomycetales",NA,NA,NA
"OTU943","Bacteria","Acidobacteria","Acidobacteria_Gp1","","","Gp1",NA
"OTU953","Bacteria","Actinobacteria","Actinobacteria","Actinomycetales",NA,NA,NA
"OTU960","Bacteria","Proteobacteria","Alphaproteobacteria",NA,NA,NA,NA
"OTU970","Bacteria","Proteobacteria",NA,NA,NA,NA,NA
"OTU971","Bacteria","Proteobacteria","Alphaproteobacteria","Rhodospirillales",NA,NA,NA
"OTU975","Bacteria","Proteobacteria","Alphaproteobacteria","Rhizobiales",NA,NA,NA
"OTU980","Bacteria","Proteobacteria","Alphaproteobacteria","Rhodospirillales",NA,NA,NA
"OTU982","Bacteria","Acidobacteria","Acidobacteria_Gp1","","","Gp1",NA
"OTU985","Bacteria","Proteobacteria","Alphaproteobacteria","Rhizobiales","Roseiarcaceae","Roseiarcus",NA
"OTU994","Bacteria","Actinobacteria","Actinobacteria","Actinomycetales",NA,NA,NA
"OTU995","Bacteria","Actinobacteria","Actinobacteria","Actinomycetales",NA,NA,NA
"OTU1004","Bacteria","Acidobacteria","Acidobacteria_Gp1",NA,NA,NA,NA
"OTU1008","Bacteria","Actinobacteria","Actinobacteria","Gaiellales","Gaiellaceae","Gaiella",NA
"OTU1009","Bacteria","Acidobacteria","Acidobacteria_Gp1",NA,NA,NA,NA
"OTU1011","Bacteria","Proteobacteria","Alphaproteobacteria","Rhodospirillales",NA,NA,NA
"OTU1035","Bacteria","Planctomycetes","Planctomycetia","Planctomycetales","Planctomycetaceae",NA,NA
"OTU1045","Bacteria","Actinobacteria","Actinobacteria","Actinomycetales",NA,NA,NA
"OTU1052","Bacteria","Actinobacteria","Actinobacteria","Actinomycetales","Geodermatophilaceae","Geodermatophilus",NA
"OTU1055","Bacteria","Proteobacteria","Alphaproteobacteria","Rhodospirillales","Acetobacteraceae",NA,NA
"OTU1065","Bacteria","Proteobacteria","Alphaproteobacteria","Rhizobiales",NA,NA,NA
"OTU1067","Bacteria","Proteobacteria","Alphaproteobacteria","Rhodospirillales",NA,NA,NA
"OTU1078","Bacteria","Planctomycetes","Planctomycetia","Planctomycetales","Planctomycetaceae",NA,NA
"OTU1080","Bacteria","Actinobacteria","Actinobacteria","Actinomycetales",NA,NA,NA
"OTU1090","Bacteria","Proteobacteria","Alphaproteobacteria","Rhodospirillales",NA,NA,NA
"OTU1094","Bacteria","Actinobacteria",NA,NA,NA,NA,NA
"OTU1097","Bacteria","Proteobacteria","Alphaproteobacteria","Rhodospirillales",NA,NA,NA
"OTU1099","Bacteria","Actinobacteria","Actinobacteria","Actinomycetales","Mycobacteriaceae","Mycobacterium",NA
"OTU1104","Bacteria","Actinobacteria","Actinobacteria","Actinomycetales","Mycobacteriaceae","Mycobacterium",NA
"OTU1112","Bacteria","Actinobacteria","Actinobacteria","Actinomycetales",NA,NA,NA
"OTU1114","Bacteria","Proteobacteria","Alphaproteobacteria","Rhodospirillales",NA,NA,NA
"OTU1122","Bacteria","Actinobacteria","Actinobacteria","Actinomycetales",NA,NA,NA
"OTU1133","Bacteria","Proteobacteria","Alphaproteobacteria","Rhodospirillales",NA,NA,NA
"OTU1134","Bacteria","Proteobacteria","Alphaproteobacteria","Rhizobiales",NA,NA,NA
"OTU1142","Bacteria","Planctomycetes","Planctomycetia","Planctomycetales","Planctomycetaceae",NA,NA
"OTU1143","Bacteria","Actinobacteria","Actinobacteria","Actinomycetales",NA,NA,NA
"OTU1160","Bacteria","Proteobacteria","Alphaproteobacteria","Rhizobiales",NA,NA,NA
"OTU1161","Bacteria","Actinobacteria","Actinobacteria","Solirubrobacterales","Conexibacteraceae","Conexibacter",NA
"OTU1163","Bacteria","Proteobacteria","Alphaproteobacteria","Rhodospirillales","Rhodospirillaceae","Pelagibius",NA
"OTU1171","Bacteria","Actinobacteria","Actinobacteria","Actinomycetales",NA,NA,NA
"OTU1174","Bacteria","","","","","",""
"OTU1178","Bacteria","Proteobacteria",NA,NA,NA,NA,NA
"OTU1187","Bacteria","Actinobacteria","Actinobacteria","Actinomycetales",NA,NA,NA
"OTU1188","Bacteria","Proteobacteria","Alphaproteobacteria","Rhodospirillales",NA,NA,NA
"OTU1190","Bacteria","Actinobacteria","Actinobacteria","Actinomycetales","Mycobacteriaceae","Mycobacterium",NA
"OTU1196","Bacteria","Actinobacteria","Actinobacteria","Actinomycetales",NA,NA,NA
"OTU1198","Bacteria","Acidobacteria","Acidobacteria_Gp1","","","Gp1",NA
"OTU1200","Bacteria","Proteobacteria","Alphaproteobacteria","Rhodospirillales","Acetobacteraceae",NA,NA
"OTU1202","Bacteria","Actinobacteria","Actinobacteria","Gaiellales","Gaiellaceae","Gaiella",NA
"OTU1203","Bacteria","Proteobacteria","Alphaproteobacteria",NA,NA,NA,NA
"OTU1227","Bacteria","Actinobacteria","Actinobacteria","Actinomycetales",NA,NA,NA
"OTU1230","Bacteria","Acidobacteria","Acidobacteria_Gp1","","","Gp1",NA
"OTU1241","Bacteria","Proteobacteria","Alphaproteobacteria",NA,NA,NA,NA
"OTU1257","Bacteria","Actinobacteria","Actinobacteria","Actinomycetales",NA,NA,NA
"OTU1259","Bacteria","Proteobacteria","Alphaproteobacteria",NA,NA,NA,NA
"OTU1270","Bacteria","Proteobacteria","Alphaproteobacteria",NA,NA,NA,NA
"OTU1272","Bacteria","Actinobacteria","Actinobacteria","Actinomycetales",NA,NA,NA
"OTU1273","Bacteria","Acidobacteria","Acidobacteria_Gp1",NA,NA,NA,NA
"OTU1281","Bacteria","Actinobacteria","Actinobacteria","Rubrobacterales","Rubrobacteraceae","Rubrobacter",NA
"OTU1283","Bacteria","Proteobacteria","Alphaproteobacteria","Rhizobiales",NA,NA,NA
"OTU1285","Bacteria","Actinobacteria","Actinobacteria","Gaiellales","Gaiellaceae","Gaiella",NA
"OTU1286","Bacteria","Proteobacteria","Alphaproteobacteria",NA,NA,NA,NA
"OTU1300","Bacteria","Actinobacteria","Actinobacteria","Actinomycetales",NA,NA,NA
"OTU1312","Bacteria","Proteobacteria","Alphaproteobacteria","Rhizobiales","Roseiarcaceae","Roseiarcus",NA
"OTU1315","Bacteria","Actinobacteria","Actinobacteria","Actinomycetales","Micromonosporaceae",NA,NA
"OTU1317","Bacteria","Proteobacteria","Alphaproteobacteria","Rhodospirillales",NA,NA,NA
"OTU1325","Bacteria","Proteobacteria","Alphaproteobacteria",NA,NA,NA,NA
"OTU1334","Bacteria","Proteobacteria","Alphaproteobacteria",NA,NA,NA,NA
"OTU1335","Bacteria","Proteobacteria","Alphaproteobacteria","Rhizobiales",NA,NA,NA
"OTU1342","Bacteria","Actinobacteria","Actinobacteria","Actinomycetales",NA,NA,NA
"OTU1358","Bacteria","Actinobacteria","Actinobacteria","Actinomycetales",NA,NA,NA
"OTU1359","Bacteria","Proteobacteria",NA,NA,NA,NA,NA
"OTU1362","Bacteria","Proteobacteria","Alphaproteobacteria","Rhizobiales",NA,NA,NA
"OTU1369","Bacteria","Proteobacteria",NA,NA,NA,NA,NA
"OTU1372","Bacteria","Proteobacteria","Alphaproteobacteria","Rhizobiales",NA,NA,NA
"OTU1377","Bacteria","Proteobacteria","Alphaproteobacteria","Rhodospirillales",NA,NA,NA
"OTU1385","Bacteria","Actinobacteria","Actinobacteria","Actinomycetales",NA,NA,NA
"OTU1397","Bacteria","Proteobacteria","Alphaproteobacteria","Rhodospirillales","Acetobacteraceae",NA,NA
"OTU1399","Bacteria","Actinobacteria","Actinobacteria","Actinomycetales","Streptomycetaceae","Streptomyces",NA
"OTU1403","Bacteria","Proteobacteria","Alphaproteobacteria",NA,NA,NA,NA
"OTU1406","Bacteria","Actinobacteria","Actinobacteria","Actinomycetales",NA,NA,NA
"OTU1410","Bacteria","Acidobacteria","Acidobacteria_Gp1","","","Gp1",NA
"OTU1414","Bacteria","Actinobacteria","Actinobacteria","Actinomycetales","Mycobacteriaceae","Mycobacterium",NA
"OTU1425","Bacteria","Proteobacteria","Alphaproteobacteria","Rhodospirillales",NA,NA,NA
"OTU1430","Bacteria","Acidobacteria","Acidobacteria_Gp1","","","Gp1",NA
"OTU1431","Bacteria","Proteobacteria","Alphaproteobacteria","Rhodospirillales",NA,NA,NA
"OTU1441","Bacteria","Actinobacteria","Actinobacteria","Actinomycetales",NA,NA,NA
"OTU1442","Bacteria","Proteobacteria","Alphaproteobacteria","Rhodospirillales",NA,NA,NA
"OTU1444","Bacteria","Proteobacteria","Alphaproteobacteria","Rhodospirillales",NA,NA,NA
"OTU1451","Bacteria","Actinobacteria","Actinobacteria","Actinomycetales",NA,NA,NA
"OTU1461","Bacteria","Proteobacteria","Alphaproteobacteria",NA,NA,NA,NA
"OTU1469","Bacteria","Actinobacteria","Actinobacteria","Actinomycetales",NA,NA,NA
"OTU1470","Bacteria","Proteobacteria",NA,NA,NA,NA,NA
"OTU1475","Bacteria","Proteobacteria","Alphaproteobacteria","Sphingomonadales","Sphingomonadaceae",NA,NA
"OTU1480","Bacteria","Proteobacteria","Alphaproteobacteria","Rhodospirillales",NA,NA,NA
"OTU1482","Bacteria","Actinobacteria","Actinobacteria","Actinomycetales",NA,NA,NA
"OTU1484","Bacteria","Actinobacteria","Actinobacteria","Actinomycetales",NA,NA,NA
"OTU1486","Bacteria","Acidobacteria","Acidobacteria_Gp2","","","Gp2",NA
"OTU1488","Bacteria","Proteobacteria","Alphaproteobacteria",NA,NA,NA,NA
"OTU1493","Bacteria","Proteobacteria","Alphaproteobacteria","Rhizobiales",NA,NA,NA
"OTU1516","Bacteria","Proteobacteria","Alphaproteobacteria","Rhodospirillales",NA,NA,NA
"OTU1517","Bacteria","Actinobacteria","Actinobacteria","Actinomycetales",NA,NA,NA
"OTU1518","Bacteria","Proteobacteria","Alphaproteobacteria","Rhodospirillales",NA,NA,NA
"OTU1528","Bacteria","Actinobacteria","Actinobacteria","Actinomycetales",NA,NA,NA
"OTU1534","Bacteria","","","","","",""
"OTU1537","Bacteria","Actinobacteria","Actinobacteria","Actinomycetales","Geodermatophilaceae","Geodermatophilus",NA
"OTU1538","Bacteria","Proteobacteria","Alphaproteobacteria",NA,NA,NA,NA
"OTU1540","Bacteria","Actinobacteria","Actinobacteria","Actinomycetales",NA,NA,NA
"OTU1554","Bacteria","Acidobacteria","Acidobacteria_Gp1","","","Gp1",NA
"OTU1558","Bacteria","Proteobacteria","Alphaproteobacteria","Rhodospirillales",NA,NA,NA
"OTU1560","Bacteria","Proteobacteria","Alphaproteobacteria","Rhizobiales",NA,NA,NA
"OTU1561","Bacteria","Proteobacteria",NA,NA,NA,NA,NA
"OTU1567","Bacteria","Actinobacteria","Actinobacteria","Actinomycetales","Streptomycetaceae","Streptomyces",NA
"OTU1573","Bacteria","Proteobacteria","Alphaproteobacteria","Rhodospirillales",NA,NA,NA
"OTU1575","Bacteria","Actinobacteria","Actinobacteria","Actinomycetales",NA,NA,NA
"OTU1580","Bacteria","Actinobacteria","Actinobacteria","Actinomycetales","Pseudonocardiaceae","Pseudonocardia",NA
"OTU1603","Bacteria","Proteobacteria","Alphaproteobacteria",NA,NA,NA,NA
"OTU1605","Bacteria","Actinobacteria","Actinobacteria","Actinomycetales","Mycobacteriaceae","Mycobacterium",NA
"OTU1617","Bacteria","Actinobacteria","Actinobacteria","Gaiellales","Gaiellaceae","Gaiella",NA
"OTU1622","Bacteria","Acidobacteria","Acidobacteria_Gp3","","","Candidatus_Solibacter",NA
"OTU1624","Bacteria","Planctomycetes","Planctomycetia","Planctomycetales","Planctomycetaceae","Singulisphaera",NA
"OTU1627","Bacteria","Actinobacteria","Actinobacteria","Actinomycetales","Mycobacteriaceae","Mycobacterium",NA
"OTU1637","Bacteria","Acidobacteria","Acidobacteria_Gp1",NA,NA,NA,NA
"OTU1639","Bacteria","Actinobacteria","Actinobacteria","Actinomycetales","Geodermatophilaceae","Blastococcus",NA
"OTU1642","Bacteria","Actinobacteria","Actinobacteria","Actinomycetales","Mycobacteriaceae","Mycobacterium",NA
"OTU1645","Bacteria","Acidobacteria","Acidobacteria_Gp1","","","Gp1",NA
"OTU1655","Bacteria","Acidobacteria","Acidobacteria_Gp3","","","Gp3",NA
"OTU1672","Bacteria","Actinobacteria","Actinobacteria","Actinomycetales",NA,NA,NA
"OTU1680","Bacteria","Actinobacteria","Actinobacteria","Actinomycetales","Mycobacteriaceae","Mycobacterium",NA
"OTU1691","Bacteria","Proteobacteria",NA,NA,NA,NA,NA
"OTU1709","Bacteria","Actinobacteria","Actinobacteria","Actinomycetales",NA,NA,NA
"OTU1713","Bacteria","Actinobacteria","Actinobacteria","Actinomycetales",NA,NA,NA
"OTU1718","Bacteria","Actinobacteria","Actinobacteria","Actinomycetales",NA,NA,NA
"OTU1719","Bacteria","Actinobacteria","Actinobacteria",NA,NA,NA,NA
"OTU1730","Bacteria","Proteobacteria","Alphaproteobacteria",NA,NA,NA,NA
"OTU1738","Bacteria","Proteobacteria","Alphaproteobacteria",NA,NA,NA,NA
"OTU1742","Bacteria","","","","","",""
"OTU1751","Bacteria","Proteobacteria","Alphaproteobacteria",NA,NA,NA,NA
"OTU1764","Bacteria","Actinobacteria","Actinobacteria","Actinomycetales",NA,NA,NA
"OTU1768","Bacteria","","","","","",""
"OTU1770","Bacteria","Planctomycetes","Planctomycetia","Planctomycetales","Planctomycetaceae",NA,NA
"OTU1777","Bacteria","Actinobacteria","Actinobacteria","Actinomycetales","Mycobacteriaceae","Mycobacterium",NA
"OTU1781","Bacteria","Actinobacteria","Actinobacteria","Actinomycetales","Nocardioidaceae","Kribbella",NA
"OTU1795","Bacteria","Actinobacteria","Actinobacteria","Solirubrobacterales",NA,NA,NA
"OTU1796","Bacteria","Actinobacteria","Actinobacteria","Actinomycetales",NA,NA,NA
"OTU1853","Bacteria","Proteobacteria","Alphaproteobacteria",NA,NA,NA,NA
"OTU1854","Bacteria","Proteobacteria","Alphaproteobacteria",NA,NA,NA,NA
"OTU1857","Bacteria","Proteobacteria","Alphaproteobacteria","Rhizobiales",NA,NA,NA
"OTU1858","Bacteria","Proteobacteria","Alphaproteobacteria","Rhodospirillales","Acetobacteraceae",NA,NA
"OTU1870","Bacteria","Actinobacteria","Actinobacteria","Actinomycetales",NA,NA,NA
"OTU1872","Bacteria","Proteobacteria","Alphaproteobacteria","Rhizobiales",NA,NA,NA
"OTU1875","Bacteria","Actinobacteria","Actinobacteria","Gaiellales","Gaiellaceae","Gaiella",NA
"OTU1876","Bacteria","Proteobacteria","Alphaproteobacteria",NA,NA,NA,NA
"OTU1890","Bacteria","Proteobacteria","Alphaproteobacteria",NA,NA,NA,NA
"OTU1893","Bacteria","Proteobacteria","Alphaproteobacteria","Rhizobiales",NA,NA,NA
"OTU1901","Bacteria","Acidobacteria","Acidobacteria_Gp1","","","Gp1",NA
"OTU1909","Bacteria","Actinobacteria","Actinobacteria","Solirubrobacterales","Solirubrobacteraceae","Solirubrobacter",NA
"OTU1918","Bacteria","Proteobacteria","Alphaproteobacteria",NA,NA,NA,NA
"OTU1919","Bacteria","Proteobacteria","Alphaproteobacteria","Rhizobiales",NA,NA,NA
"OTU1921","Bacteria","Actinobacteria","Actinobacteria","Solirubrobacterales","Solirubrobacteraceae","Solirubrobacter",NA
"OTU1923","Bacteria","Actinobacteria","Actinobacteria","Gaiellales","Gaiellaceae","Gaiella",NA
"OTU1934","Bacteria","Actinobacteria","Actinobacteria","Actinomycetales","Geodermatophilaceae",NA,NA
"OTU1936","Bacteria","Actinobacteria","Actinobacteria","Actinomycetales",NA,NA,NA
"OTU1941","Bacteria","Proteobacteria","Alphaproteobacteria","Rhodospirillales",NA,NA,NA
"OTU1942","Bacteria","Actinobacteria","Actinobacteria","Actinomycetales",NA,NA,NA
"OTU1945","Bacteria","Proteobacteria","Alphaproteobacteria","Rhodospirillales",NA,NA,NA
"OTU1949","Bacteria","Actinobacteria","Actinobacteria","Actinomycetales","Mycobacteriaceae","Mycobacterium",NA
"OTU1957","Bacteria","Proteobacteria",NA,NA,NA,NA,NA
"OTU1966","Bacteria","Actinobacteria","Actinobacteria","Actinomycetales",NA,NA,NA
"OTU1970","Bacteria","Actinobacteria","Actinobacteria","Rubrobacterales","Rubrobacteraceae","Rubrobacter",NA
"OTU1983","Bacteria","Proteobacteria","Alphaproteobacteria",NA,NA,NA,NA
"OTU1987","Bacteria","Proteobacteria","Alphaproteobacteria","Rhodospirillales",NA,NA,NA
"OTU1994","Bacteria","Proteobacteria","Alphaproteobacteria",NA,NA,NA,NA
"OTU1996","Bacteria","Proteobacteria","Alphaproteobacteria",NA,NA,NA,NA
"OTU2007","Bacteria","Proteobacteria",NA,NA,NA,NA,NA
"OTU2008","Bacteria","","","","","",""
"OTU2010","Bacteria","Proteobacteria","Alphaproteobacteria",NA,NA,NA,NA
"OTU2016","Bacteria","Proteobacteria","Alphaproteobacteria","Rhizobiales",NA,NA,NA
"OTU2021","Bacteria","Proteobacteria","Alphaproteobacteria","Rhodospirillales",NA,NA,NA
"OTU2026","Bacteria","Proteobacteria","Alphaproteobacteria","Rhodospirillales","Acetobacteraceae",NA,NA
"OTU2033","Bacteria","Proteobacteria","Alphaproteobacteria","Rhodospirillales",NA,NA,NA
"OTU2038","Bacteria","Acidobacteria","Acidobacteria_Gp1","","","Gp1",NA
"OTU2043","Bacteria","Proteobacteria","Gammaproteobacteria","Xanthomonadales","Xanthomonadaceae",NA,NA
"OTU2045","Bacteria","Actinobacteria","Actinobacteria","Actinomycetales",NA,NA,NA
"OTU2050","Bacteria","Actinobacteria","Actinobacteria","Actinomycetales",NA,NA,NA
"OTU2055","Bacteria","Proteobacteria","Alphaproteobacteria","Rhodospirillales",NA,NA,NA
"OTU2057","Bacteria","Proteobacteria","Alphaproteobacteria","Rhodospirillales",NA,NA,NA
"OTU2106","Bacteria","Firmicutes","Bacilli","Bacillales","Bacillaceae_1","Bacillus",NA
"OTU2108","Bacteria","Acidobacteria","Acidobacteria_Gp1",NA,NA,NA,NA
"OTU2109","Bacteria","Actinobacteria","Actinobacteria","Solirubrobacterales",NA,NA,NA
"OTU2120","Bacteria","Actinobacteria","Actinobacteria",NA,NA,NA,NA
"OTU2124","Bacteria","Proteobacteria","Alphaproteobacteria",NA,NA,NA,NA
"OTU2130","Bacteria","Proteobacteria","Alphaproteobacteria","Rhodospirillales","Acetobacteraceae",NA,NA
"OTU2133","Bacteria","Actinobacteria","Actinobacteria","Gaiellales","Gaiellaceae","Gaiella",NA
"OTU2138","Bacteria","Actinobacteria","Actinobacteria","Actinomycetales","Micrococcaceae","Arthrobacter",NA
"OTU2144","Bacteria","Planctomycetes","Planctomycetia","Planctomycetales","Planctomycetaceae",NA,NA
"OTU2150","Bacteria","Firmicutes","Bacilli","Bacillales","Bacillaceae_1","Bacillus",NA
"OTU2161","Bacteria","Proteobacteria","Alphaproteobacteria","Rhizobiales","Rhizobiaceae","Ensifer",NA
"OTU2164","Bacteria","Actinobacteria","Actinobacteria","Rubrobacterales","Rubrobacteraceae","Rubrobacter",NA
"OTU2167","Bacteria","Firmicutes","Bacilli","Bacillales",NA,NA,NA
"OTU2169","Bacteria","Actinobacteria","Actinobacteria","Actinomycetales",NA,NA,NA
"OTU2175","Bacteria","Actinobacteria","Actinobacteria","Actinomycetales","Nocardioidaceae","Nocardioides",NA
"OTU2188","Bacteria","Acidobacteria","Acidobacteria_Gp16","","","Gp16",NA
"OTU2199","Bacteria","Actinobacteria","Actinobacteria","Actinomycetales","Pseudonocardiaceae",NA,NA
"OTU2200","Bacteria","Proteobacteria","Alphaproteobacteria",NA,NA,NA,NA
"OTU2201","Bacteria","Proteobacteria","Alphaproteobacteria","Rhodospirillales","Acetobacteraceae",NA,NA
"OTU2204","Bacteria","","","","","",""
"OTU2205","Bacteria","Chloroflexi","Ktedonobacteria","Ktedonobacterales","Thermosporotrichaceae","Thermosporothrix",NA
"OTU2209","Bacteria","Acidobacteria","Acidobacteria_Gp1",NA,NA,NA,NA
"OTU2227","Bacteria","Proteobacteria","Alphaproteobacteria","Rhodospirillales",NA,NA,NA
"OTU2229","Bacteria","Proteobacteria",NA,NA,NA,NA,NA
"OTU2238","Bacteria","Proteobacteria","Alphaproteobacteria","Rhizobiales",NA,NA,NA
"OTU2247","Bacteria","Proteobacteria","Alphaproteobacteria","Rhodospirillales",NA,NA,NA
"OTU2259","Bacteria","Proteobacteria","Alphaproteobacteria",NA,NA,NA,NA
"OTU2260","Bacteria","Proteobacteria","Alphaproteobacteria","Rhizobiales",NA,NA,NA
"OTU2264","Bacteria","Acidobacteria","Acidobacteria_Gp2","","","Gp2",NA
"OTU2265","Bacteria","Actinobacteria","Actinobacteria","Actinomycetales",NA,NA,NA
"OTU2266","Bacteria","Proteobacteria","Alphaproteobacteria",NA,NA,NA,NA
"OTU2273","Bacteria","Actinobacteria","Actinobacteria","Solirubrobacterales","Solirubrobacteraceae","Solirubrobacter",NA
"OTU2286","Bacteria","Proteobacteria","Alphaproteobacteria","Rhodospirillales","Acetobacteraceae",NA,NA
"OTU2291","Bacteria","Proteobacteria","Alphaproteobacteria","Rhodospirillales",NA,NA,NA
"OTU2292","Bacteria","","","","","",""
"OTU2304","Bacteria","Acidobacteria","Acidobacteria_Gp1","","","Gp1",NA
"OTU2308","Bacteria","Actinobacteria","Actinobacteria","Actinomycetales","Mycobacteriaceae","Mycobacterium",NA
"OTU2321","Bacteria","Actinobacteria","Actinobacteria","Actinomycetales","Pseudonocardiaceae","Pseudonocardia",NA
"OTU2338","Bacteria","Acidobacteria","Acidobacteria_Gp1","","","Gp1",NA
"OTU2351","Bacteria","Actinobacteria","Actinobacteria","Actinomycetales",NA,NA,NA
"OTU2354","Bacteria","Proteobacteria",NA,NA,NA,NA,NA
"OTU2356","Bacteria","Acidobacteria","Acidobacteria_Gp1","","","Gp1",NA
"OTU2372","Bacteria","Actinobacteria","Actinobacteria","Actinomycetales","Mycobacteriaceae","Mycobacterium",NA
"OTU2376","Bacteria","","","","","",""
"OTU2381","Bacteria","Actinobacteria","Actinobacteria","Actinomycetales",NA,NA,NA
"OTU2395","Bacteria","Proteobacteria","Alphaproteobacteria","Rhodospirillales","Acetobacteraceae",NA,NA
"OTU2397","Bacteria","Planctomycetes","Planctomycetia","Planctomycetales","Planctomycetaceae",NA,NA
"OTU2400","Bacteria","Actinobacteria","Actinobacteria","Rubrobacterales","Rubrobacteraceae","Rubrobacter",NA
"OTU2436","Bacteria","Proteobacteria","Alphaproteobacteria",NA,NA,NA,NA
"OTU2444","Bacteria","Actinobacteria","Actinobacteria","Actinomycetales",NA,NA,NA
"OTU2481","Bacteria","Proteobacteria","Alphaproteobacteria","Rhodospirillales",NA,NA,NA
"OTU2499","Bacteria","Actinobacteria","Actinobacteria","Actinomycetales",NA,NA,NA
"OTU2502","Bacteria","Actinobacteria","Actinobacteria",NA,NA,NA,NA
"OTU2534","Bacteria","Acidobacteria","Acidobacteria_Gp2","","","Gp2",NA
"OTU2543","Bacteria","Proteobacteria",NA,NA,NA,NA,NA
"OTU2574","Bacteria","Actinobacteria","Actinobacteria","Actinomycetales",NA,NA,NA
"OTU2591","Bacteria","Actinobacteria","Actinobacteria","Actinomycetales",NA,NA,NA
"OTU2593","Bacteria","Actinobacteria","Actinobacteria","Actinomycetales",NA,NA,NA
"OTU2613","Bacteria","Acidobacteria","Acidobacteria_Gp2","","","Gp2",NA
"OTU2614","Bacteria","Actinobacteria","Actinobacteria","Gaiellales","Gaiellaceae","Gaiella",NA
"OTU2619","Bacteria","Actinobacteria","Actinobacteria","Gaiellales","Gaiellaceae","Gaiella",NA
"OTU2627","Bacteria","Actinobacteria","Actinobacteria","Actinomycetales",NA,NA,NA
"OTU2632","Bacteria","Actinobacteria","Actinobacteria","Actinomycetales",NA,NA,NA
"OTU2633","Bacteria","Acidobacteria","Acidobacteria_Gp2","","","Gp2",NA
"OTU2637","Bacteria","Proteobacteria","Alphaproteobacteria","Rhodospirillales","Acetobacteraceae",NA,NA
"OTU2639","Bacteria","Actinobacteria","Actinobacteria","Gaiellales","Gaiellaceae","Gaiella",NA
"OTU2642","Bacteria","","","","","",""
"OTU2654","Bacteria","Actinobacteria","Actinobacteria","Solirubrobacterales","Solirubrobacteraceae","Solirubrobacter",NA
"OTU2665","Bacteria","Actinobacteria","Actinobacteria","Solirubrobacterales","Solirubrobacteraceae","Solirubrobacter",NA
"OTU2696","Bacteria","Proteobacteria","Alphaproteobacteria","Rhizobiales",NA,NA,NA
"OTU2713","Bacteria","Actinobacteria","Actinobacteria","Actinomycetales",NA,NA,NA
"OTU2725","Bacteria","Proteobacteria",NA,NA,NA,NA,NA
"OTU2749","Bacteria","Chloroflexi","Ktedonobacteria","Ktedonobacterales",NA,NA,NA
"OTU2754","Bacteria","Proteobacteria","Alphaproteobacteria",NA,NA,NA,NA
"OTU2762","Bacteria","Actinobacteria","Actinobacteria","Actinomycetales",NA,NA,NA
"OTU2783","Bacteria","Actinobacteria","Actinobacteria","Actinomycetales",NA,NA,NA
"OTU2789","Bacteria","Actinobacteria","Actinobacteria","Gaiellales","Gaiellaceae","Gaiella",NA
"OTU2814","Bacteria","Proteobacteria","Alphaproteobacteria",NA,NA,NA,NA
"OTU2821","Bacteria","Actinobacteria","Actinobacteria","Actinomycetales",NA,NA,NA
"OTU2824","Bacteria","Proteobacteria","Alphaproteobacteria",NA,NA,NA,NA
"OTU2835","Bacteria","Actinobacteria","Actinobacteria","Solirubrobacterales",NA,NA,NA
"OTU2836","Bacteria","Proteobacteria","Alphaproteobacteria","Rhizobiales",NA,NA,NA
"OTU2839","Bacteria","Actinobacteria","Actinobacteria","Actinomycetales",NA,NA,NA
"OTU2845","Bacteria","Proteobacteria","Alphaproteobacteria",NA,NA,NA,NA
"OTU2848","Bacteria","Actinobacteria","Actinobacteria","Actinomycetales",NA,NA,NA
"OTU2860","Bacteria","Actinobacteria","Actinobacteria","Actinomycetales",NA,NA,NA
"OTU2863","Bacteria","Actinobacteria","Actinobacteria","Solirubrobacterales",NA,NA,NA
"OTU2865","Bacteria","Actinobacteria","Actinobacteria","Actinomycetales","Streptomycetaceae","Streptomyces",NA
"OTU2869","Bacteria","Actinobacteria","Actinobacteria","Actinomycetales",NA,NA,NA
"OTU2874","Bacteria","Actinobacteria","Actinobacteria","Solirubrobacterales",NA,NA,NA
"OTU2875","Bacteria","Proteobacteria","Alphaproteobacteria","Rhizobiales",NA,NA,NA
"OTU2884","Bacteria","Actinobacteria","Actinobacteria","Actinomycetales","Micromonosporaceae","Couchioplanes",NA
"OTU2888","Bacteria","Proteobacteria","Alphaproteobacteria",NA,NA,NA,NA
"OTU2900","Bacteria","Actinobacteria","Actinobacteria","Gaiellales","Gaiellaceae","Gaiella",NA
"OTU2903","Bacteria","Proteobacteria","Alphaproteobacteria","Rhizobiales",NA,NA,NA
"OTU2905","Bacteria","Actinobacteria","Actinobacteria","Solirubrobacterales","Solirubrobacteraceae","Solirubrobacter",NA
"OTU2909","Bacteria","Proteobacteria","Alphaproteobacteria","Rhodospirillales",NA,NA,NA
"OTU2917","Bacteria","Proteobacteria","Alphaproteobacteria",NA,NA,NA,NA
"OTU2926","Bacteria","Actinobacteria","Actinobacteria","Actinomycetales",NA,NA,NA
"OTU2941","Bacteria","Actinobacteria","Actinobacteria","Solirubrobacterales","Solirubrobacteraceae","Solirubrobacter",NA
"OTU2949","Bacteria","Chloroflexi","Ktedonobacteria",NA,NA,NA,NA
"OTU2952","Bacteria","Actinobacteria","Actinobacteria","Actinomycetales","Streptomycetaceae","Streptomyces",NA
"OTU2962","Bacteria","Proteobacteria","Alphaproteobacteria","Rhodospirillales","Acetobacteraceae",NA,NA
"OTU2974","Bacteria","Actinobacteria","Actinobacteria","Actinomycetales","Micromonosporaceae","Actinoplanes",NA
"OTU2993","Bacteria","Actinobacteria","Actinobacteria","Actinomycetales",NA,NA,NA
"OTU3024","Bacteria","Actinobacteria","Actinobacteria","Actinomycetales",NA,NA,NA
"OTU3029","Bacteria","Proteobacteria","Alphaproteobacteria","Rhizobiales",NA,NA,NA
"OTU3056","Bacteria","Actinobacteria","Actinobacteria","Actinomycetales","Streptomycetaceae","Streptomyces",NA
"OTU3061","Bacteria","Proteobacteria","Alphaproteobacteria","Rhodospirillales","Rhodospirillaceae","Inquilinus",NA
"OTU3063","Bacteria","Proteobacteria","Alphaproteobacteria","Rhizobiales",NA,NA,NA
"OTU3064","Bacteria","Actinobacteria","Actinobacteria","Actinomycetales",NA,NA,NA
"OTU3083","Bacteria","Proteobacteria","Alphaproteobacteria","Rhodospirillales",NA,NA,NA
"OTU3085","Bacteria","Proteobacteria",NA,NA,NA,NA,NA
"OTU3093","Bacteria","Acidobacteria","Acidobacteria_Gp1",NA,NA,NA,NA
"OTU3095","Bacteria","Acidobacteria","Acidobacteria_Gp2","","","Gp2",NA
"OTU3100","Bacteria","Actinobacteria","Actinobacteria","Actinomycetales",NA,NA,NA
"OTU3102","Bacteria","Proteobacteria",NA,NA,NA,NA,NA
"OTU3109","Bacteria","Actinobacteria","Actinobacteria","Actinomycetales",NA,NA,NA
"OTU3112","Bacteria","Actinobacteria","Actinobacteria","Actinomycetales",NA,NA,NA
"OTU3149","Bacteria","Actinobacteria","Actinobacteria","Actinomycetales",NA,NA,NA
"OTU3161","Bacteria","Proteobacteria","Alphaproteobacteria","Rhodospirillales","Acetobacteraceae",NA,NA
"OTU3162","Bacteria","Proteobacteria",NA,NA,NA,NA,NA
"OTU3176","Bacteria","Proteobacteria","Alphaproteobacteria","Rhizobiales",NA,NA,NA
"OTU3183","Bacteria","Actinobacteria",NA,NA,NA,NA,NA
"OTU3234","Bacteria","Proteobacteria","Alphaproteobacteria","Rhodospirillales",NA,NA,NA
"OTU3242","Bacteria","Proteobacteria","Alphaproteobacteria","Rhizobiales",NA,NA,NA
"OTU3267","Bacteria","Proteobacteria","Alphaproteobacteria","Rhodospirillales",NA,NA,NA
"OTU3288","Bacteria","Actinobacteria","Actinobacteria","Actinomycetales","Geodermatophilaceae",NA,NA
"OTU3307","Bacteria","Actinobacteria","Actinobacteria","Actinomycetales",NA,NA,NA
"OTU3308","Bacteria","Actinobacteria","Actinobacteria","Gaiellales","Gaiellaceae","Gaiella",NA
"OTU3319","Bacteria","Proteobacteria","Alphaproteobacteria","Rhodospirillales","Acetobacteraceae",NA,NA
"OTU3323","Bacteria","Proteobacteria","Alphaproteobacteria",NA,NA,NA,NA
"OTU3344","Bacteria","Actinobacteria","Actinobacteria","Actinomycetales",NA,NA,NA
"OTU3364","Bacteria","Proteobacteria","Alphaproteobacteria","Rhodospirillales",NA,NA,NA
"OTU3368","Bacteria","Actinobacteria","Actinobacteria","Actinomycetales","Micrococcaceae","Arthrobacter",NA
"OTU3370","Bacteria","Actinobacteria","Actinobacteria","Actinomycetales",NA,NA,NA
"OTU3373","Bacteria","Chloroflexi","Ktedonobacteria","Ktedonobacterales",NA,NA,NA
"OTU3374","Bacteria","Proteobacteria",NA,NA,NA,NA,NA
"OTU3376","Bacteria","Actinobacteria","Actinobacteria","Actinomycetales",NA,NA,NA
"OTU3383","Bacteria","Proteobacteria","Alphaproteobacteria","Rhodospirillales","Rhodospirillaceae",NA,NA
"OTU3392","Bacteria","Actinobacteria","Actinobacteria","Actinomycetales",NA,NA,NA
"OTU3420","Bacteria","Actinobacteria","Actinobacteria","Actinomycetales",NA,NA,NA
"OTU3422","Bacteria","Actinobacteria","Actinobacteria","Actinomycetales",NA,NA,NA
"OTU3425","Bacteria","Proteobacteria","Alphaproteobacteria",NA,NA,NA,NA
"OTU3426","Bacteria","Actinobacteria","Actinobacteria","Actinomycetales",NA,NA,NA
"OTU3427","Bacteria","Actinobacteria","Actinobacteria","Actinomycetales",NA,NA,NA
"OTU3469","Bacteria","Actinobacteria","Actinobacteria","Actinomycetales","Pseudonocardiaceae","Amycolatopsis",NA
"OTU3478","Bacteria","Actinobacteria","Actinobacteria","Actinomycetales",NA,NA,NA
"OTU3490","Bacteria","Actinobacteria","Actinobacteria","Actinomycetales","Micromonosporaceae","Actinoplanes",NA
"OTU3491","Bacteria","Proteobacteria","Alphaproteobacteria","Rhodospirillales","Acetobacteraceae","Rhodopila",NA
"OTU3506","Bacteria","Proteobacteria","Alphaproteobacteria",NA,NA,NA,NA
"OTU3518","Bacteria","Actinobacteria","Actinobacteria","Actinomycetales",NA,NA,NA
"OTU3525","Bacteria","Proteobacteria","Alphaproteobacteria",NA,NA,NA,NA
"OTU3535","Bacteria","Actinobacteria","Actinobacteria","Solirubrobacterales",NA,NA,NA
"OTU3539","Bacteria","Proteobacteria","Alphaproteobacteria",NA,NA,NA,NA
"OTU3549","Bacteria","Actinobacteria","Actinobacteria","Actinomycetales",NA,NA,NA
"OTU3550","Bacteria","Actinobacteria","Actinobacteria","Actinomycetales",NA,NA,NA
"OTU3556","Bacteria","Actinobacteria","Actinobacteria","Actinomycetales","Streptomycetaceae","Streptomyces",NA
"OTU3565","Bacteria","Actinobacteria","Actinobacteria","Actinomycetales",NA,NA,NA
"OTU3566","Bacteria","Actinobacteria","Actinobacteria","Actinomycetales","Streptomycetaceae","Streptomyces",NA
"OTU3579","Bacteria","Proteobacteria","Alphaproteobacteria","Rhodospirillales",NA,NA,NA
"OTU3592","Bacteria","Actinobacteria","Actinobacteria","Solirubrobacterales",NA,NA,NA
"OTU3679","Bacteria","Actinobacteria","Actinobacteria","Gaiellales","Gaiellaceae","Gaiella",NA
"OTU3684","Bacteria","Proteobacteria","Alphaproteobacteria","Rhodospirillales",NA,NA,NA
"OTU3697","Bacteria","Actinobacteria","Actinobacteria","Actinomycetales",NA,NA,NA
"OTU3700","Bacteria","Actinobacteria","Actinobacteria","Solirubrobacterales",NA,NA,NA
"OTU3790","Bacteria","Actinobacteria","Actinobacteria",NA,NA,NA,NA
"OTU3791","Bacteria","Proteobacteria","Alphaproteobacteria","Rhodospirillales","Acetobacteraceae",NA,NA
"OTU3799","Bacteria","Actinobacteria","Actinobacteria","Actinomycetales","Geodermatophilaceae",NA,NA
"OTU3804","Bacteria","Planctomycetes","Planctomycetia","Planctomycetales","Planctomycetaceae","Singulisphaera",NA
"OTU3810","Bacteria","Proteobacteria","Alphaproteobacteria",NA,NA,NA,NA
"OTU3811","Bacteria","Planctomycetes","Planctomycetia","Planctomycetales","Planctomycetaceae","Singulisphaera",NA
"OTU3822","Bacteria","Actinobacteria","Actinobacteria","Actinomycetales",NA,NA,NA
"OTU3829","Bacteria","Planctomycetes","Planctomycetia","Planctomycetales","Planctomycetaceae",NA,NA
"OTU3843","Bacteria","Actinobacteria","Actinobacteria","Solirubrobacterales",NA,NA,NA
"OTU3852","Bacteria","Proteobacteria",NA,NA,NA,NA,NA
"OTU3864","Bacteria","Acidobacteria","Acidobacteria_Gp1","","","Gp1",NA
"OTU3875","Bacteria","Actinobacteria","Actinobacteria","Solirubrobacterales",NA,NA,NA
"OTU3887","Bacteria","Actinobacteria","Actinobacteria","Actinomycetales",NA,NA,NA
"OTU3898","Bacteria","Actinobacteria","Actinobacteria","Actinomycetales","Geodermatophilaceae","Geodermatophilus",NA
"OTU3908","Bacteria","Proteobacteria","Alphaproteobacteria","Rhodospirillales","Acetobacteraceae",NA,NA
"OTU3922","Bacteria","Proteobacteria","Alphaproteobacteria","Rhodospirillales",NA,NA,NA
"OTU3928","Bacteria","Proteobacteria","Alphaproteobacteria","Rhodospirillales","Acetobacteraceae",NA,NA
"OTU3931","Bacteria","Actinobacteria","Actinobacteria","Actinomycetales",NA,NA,NA
"OTU3932","Bacteria","Chloroflexi","Ktedonobacteria","Ktedonobacterales","Thermosporotrichaceae","Thermosporothrix",NA
"OTU3938","Bacteria","Actinobacteria","Actinobacteria","Actinomycetales",NA,NA,NA
"OTU3941","Bacteria","Chloroflexi","Ktedonobacteria","Ktedonobacterales","Thermosporotrichaceae","Thermosporothrix",NA
"OTU3951","Bacteria","Actinobacteria","Actinobacteria","Actinomycetales",NA,NA,NA
"OTU3953","Bacteria","Actinobacteria","Actinobacteria","Solirubrobacterales","Solirubrobacteraceae","Solirubrobacter",NA
"OTU3968","Bacteria","Actinobacteria",NA,NA,NA,NA,NA
"OTU3976","Bacteria","Actinobacteria","Actinobacteria",NA,NA,NA,NA
"OTU3984","Bacteria","Proteobacteria","Alphaproteobacteria","Rhizobiales",NA,NA,NA
"OTU3987","Bacteria","Actinobacteria","Actinobacteria","Actinomycetales",NA,NA,NA
"OTU4022","Bacteria","Actinobacteria",NA,NA,NA,NA,NA
"OTU4153","Bacteria","Proteobacteria","Alphaproteobacteria","Rhizobiales",NA,NA,NA
"OTU4176","Bacteria","Proteobacteria","Alphaproteobacteria","Rhodospirillales",NA,NA,NA
"OTU4211","Bacteria","Proteobacteria","Alphaproteobacteria","Rhodospirillales",NA,NA,NA
"OTU4247","Bacteria","Proteobacteria","Alphaproteobacteria","Rhodospirillales",NA,NA,NA
"OTU4256","Bacteria","Proteobacteria","Alphaproteobacteria","Rhodospirillales","Acetobacteraceae","Rhodopila",NA
"OTU4275","Bacteria","Actinobacteria","Actinobacteria",NA,NA,NA,NA
"OTU4279","Bacteria","Actinobacteria","Actinobacteria",NA,NA,NA,NA
"OTU4280","Bacteria","Acidobacteria","Acidobacteria_Gp1","","","Gp1",NA
"OTU4285","Bacteria","Acidobacteria","Acidobacteria_Gp1","","","Edaphobacter",NA
"OTU4287","Bacteria","Actinobacteria","Actinobacteria","Actinomycetales",NA,NA,NA
"OTU4305","Bacteria","Proteobacteria","Alphaproteobacteria",NA,NA,NA,NA
"OTU4335","Bacteria","Actinobacteria","Actinobacteria","Solirubrobacterales",NA,NA,NA
"OTU4345","Bacteria","Chloroflexi","Ktedonobacteria","Ktedonobacterales",NA,NA,NA
"OTU4355","Bacteria","Actinobacteria","Actinobacteria","Actinomycetales",NA,NA,NA
"OTU4362","Bacteria","Actinobacteria","Actinobacteria","Actinomycetales",NA,NA,NA
"OTU4374","Bacteria","Proteobacteria","Alphaproteobacteria","Rhizobiales",NA,NA,NA
"OTU4384","Bacteria","Actinobacteria","Actinobacteria","Actinomycetales",NA,NA,NA
"OTU4387","Bacteria","Actinobacteria","Actinobacteria","Actinomycetales","Streptomycetaceae","Streptomyces",NA
"OTU4415","Bacteria","Proteobacteria","Alphaproteobacteria",NA,NA,NA,NA
"OTU4417","Bacteria","Acidobacteria","Acidobacteria_Gp6","","","Gp6",NA
"OTU4431","Bacteria","Actinobacteria","Actinobacteria",NA,NA,NA,NA
"OTU4432","Bacteria","Actinobacteria","Actinobacteria","Gaiellales","Gaiellaceae","Gaiella",NA
"OTU4438","Bacteria","Actinobacteria","Actinobacteria","Actinomycetales",NA,NA,NA
"OTU4458","Bacteria","Actinobacteria","Actinobacteria","Actinomycetales","Micromonosporaceae",NA,NA
"OTU4459","Bacteria","Actinobacteria","Actinobacteria","Actinomycetales",NA,NA,NA
"OTU4482","Bacteria","Planctomycetes","Planctomycetia","Planctomycetales","Planctomycetaceae","Singulisphaera",NA
"OTU4497","Bacteria","Proteobacteria","Alphaproteobacteria","Rhodospirillales",NA,NA,NA
"OTU4509","Bacteria","","","","","",""
"OTU4516","Bacteria","Planctomycetes","Planctomycetia","Planctomycetales","Planctomycetaceae",NA,NA
"OTU4518","Bacteria","Actinobacteria","Actinobacteria","Solirubrobacterales",NA,NA,NA
"OTU4545","Bacteria","Actinobacteria","Actinobacteria","Gaiellales","Gaiellaceae","Gaiella",NA
"OTU4554","Bacteria","Actinobacteria","Actinobacteria","Actinomycetales",NA,NA,NA
"OTU4569","Bacteria","Proteobacteria","Alphaproteobacteria","Rhodospirillales",NA,NA,NA
"OTU4589","Bacteria","Proteobacteria","Alphaproteobacteria",NA,NA,NA,NA
"OTU4590","Bacteria","Proteobacteria","Alphaproteobacteria","Rhizobiales",NA,NA,NA
"OTU4591","Bacteria","Chloroflexi","Ktedonobacteria","Ktedonobacterales",NA,NA,NA
"OTU4603","Bacteria","Proteobacteria","Alphaproteobacteria",NA,NA,NA,NA
"OTU4612","Bacteria","Proteobacteria","Alphaproteobacteria","Rhodospirillales",NA,NA,NA
"OTU4621","Bacteria","Actinobacteria","Actinobacteria","Actinomycetales","Nocardioidaceae","Nocardioides",NA
"OTU4643","Bacteria","Proteobacteria","Alphaproteobacteria","Rhodospirillales","Acetobacteraceae",NA,NA
"OTU4647","Bacteria","Actinobacteria","Actinobacteria","Actinomycetales","Mycobacteriaceae","Mycobacterium",NA
"OTU4648","Bacteria","Actinobacteria","Actinobacteria","Gaiellales","Gaiellaceae","Gaiella",NA
"OTU4658","Bacteria","Actinobacteria","Actinobacteria","Actinomycetales","Micromonosporaceae","Actinoplanes",NA
"OTU4659","Bacteria","Planctomycetes","Planctomycetia","Planctomycetales","Planctomycetaceae",NA,NA
"OTU4662","Bacteria","Proteobacteria","Alphaproteobacteria","Rhizobiales",NA,NA,NA
"OTU4681","Bacteria","Proteobacteria","Alphaproteobacteria","Rhizobiales",NA,NA,NA
"OTU4701","Bacteria","Actinobacteria","Actinobacteria",NA,NA,NA,NA
"OTU4704","Bacteria","Planctomycetes","Planctomycetia","Planctomycetales","Planctomycetaceae",NA,NA
"OTU4713","Bacteria","Actinobacteria","Actinobacteria",NA,NA,NA,NA
"OTU4717","Bacteria","Actinobacteria","Actinobacteria","Actinomycetales","Mycobacteriaceae","Mycobacterium",NA
"OTU4727","Bacteria","Acidobacteria","Acidobacteria_Gp2","","","Gp2",NA
"OTU4730","Bacteria","Acidobacteria","Acidobacteria_Gp1",NA,NA,NA,NA
"OTU4743","Bacteria","Proteobacteria","Alphaproteobacteria","Rhodospirillales","Acetobacteraceae",NA,NA
"OTU4802","Bacteria","Actinobacteria",NA,NA,NA,NA,NA
"OTU4806","Bacteria","Acidobacteria","Acidobacteria_Gp1",NA,NA,NA,NA
"OTU4808","Bacteria","Acidobacteria","Acidobacteria_Gp1","","","Gp1",NA
"OTU4827","Bacteria","Actinobacteria","Actinobacteria","Actinomycetales",NA,NA,NA
"OTU4841","Bacteria","Proteobacteria","Alphaproteobacteria","Rhodospirillales","Acetobacteraceae",NA,NA
"OTU4843","Bacteria","","","","","",""
"OTU4862","Bacteria","Actinobacteria","Actinobacteria","Actinomycetales",NA,NA,NA
"OTU4885","Bacteria","Actinobacteria","Actinobacteria","Solirubrobacterales",NA,NA,NA
"OTU4890","Bacteria","Actinobacteria","Actinobacteria","Solirubrobacterales",NA,NA,NA
"OTU4891","Bacteria","Acidobacteria","Acidobacteria_Gp1","","","Gp1",NA
"OTU4892","Bacteria","Actinobacteria","Actinobacteria","Actinomycetales",NA,NA,NA
"OTU4905","Bacteria","Firmicutes","Bacilli","Bacillales","Bacillaceae_1","Bacillus",NA
"OTU4932","Bacteria","Actinobacteria","Actinobacteria","Actinomycetales",NA,NA,NA
"OTU4944","Bacteria","Planctomycetes","Planctomycetia","Planctomycetales","Planctomycetaceae","Singulisphaera",NA
"OTU4969","Bacteria","Actinobacteria","Actinobacteria","Actinomycetales",NA,NA,NA
"OTU4979","Bacteria","Actinobacteria","Actinobacteria","Actinomycetales",NA,NA,NA
"OTU4985","Bacteria","Actinobacteria","Actinobacteria","Actinomycetales","Mycobacteriaceae","Mycobacterium",NA
"OTU4997","Bacteria","Proteobacteria","Alphaproteobacteria",NA,NA,NA,NA
"OTU5020","Bacteria","Proteobacteria",NA,NA,NA,NA,NA
"OTU5036","Bacteria","Proteobacteria","Alphaproteobacteria","Rhodospirillales",NA,NA,NA
"OTU5041","Bacteria","Proteobacteria","Alphaproteobacteria",NA,NA,NA,NA
"OTU5049","Bacteria","Proteobacteria","Alphaproteobacteria","Rhodospirillales",NA,NA,NA
"OTU5063","Bacteria","Actinobacteria","Actinobacteria","Actinomycetales",NA,NA,NA
"OTU5068","Bacteria","Proteobacteria",NA,NA,NA,NA,NA
"OTU5083","Bacteria","Actinobacteria","Actinobacteria","Actinomycetales",NA,NA,NA
"OTU5119","Bacteria","Planctomycetes","Planctomycetia","Planctomycetales","Planctomycetaceae","Singulisphaera",NA
"OTU5125","Bacteria","Actinobacteria","Actinobacteria","Solirubrobacterales","Solirubrobacteraceae","Solirubrobacter",NA
"OTU5154","Bacteria","Actinobacteria",NA,NA,NA,NA,NA
"OTU5158","Bacteria","Proteobacteria","Alphaproteobacteria","Rhodospirillales",NA,NA,NA
"OTU5159","Bacteria","Proteobacteria","Alphaproteobacteria","Rhodospirillales",NA,NA,NA
"OTU5169","Bacteria","Proteobacteria","Alphaproteobacteria","Rhizobiales",NA,NA,NA
"OTU5174","Bacteria","Actinobacteria","Actinobacteria","Solirubrobacterales",NA,NA,NA
"OTU5210","Bacteria","Actinobacteria","Actinobacteria","Actinomycetales",NA,NA,NA
"OTU5219","Bacteria","Proteobacteria","Alphaproteobacteria","Rhodospirillales","Acetobacteraceae",NA,NA
"OTU5239","Bacteria","Actinobacteria","Actinobacteria","Actinomycetales","Micromonosporaceae","Actinoplanes",NA
"OTU5248","Bacteria","Actinobacteria","Actinobacteria","Actinomycetales","Streptosporangiaceae",NA,NA
"OTU5256","Bacteria","Actinobacteria","Actinobacteria","Actinomycetales",NA,NA,NA
"OTU5259","Bacteria","Proteobacteria","Alphaproteobacteria",NA,NA,NA,NA
"OTU5286","Bacteria","Proteobacteria","Alphaproteobacteria","Rhizobiales",NA,NA,NA
"OTU5349","Bacteria","Actinobacteria","Actinobacteria","Actinomycetales",NA,NA,NA
"OTU5358","Bacteria","Actinobacteria","Actinobacteria","Actinomycetales",NA,NA,NA
"OTU5389","Bacteria","Proteobacteria","Alphaproteobacteria","Rhizobiales",NA,NA,NA
"OTU5390","Bacteria","Proteobacteria","Alphaproteobacteria","Rhodospirillales",NA,NA,NA
"OTU5401","Bacteria","Proteobacteria","Alphaproteobacteria","Rhizobiales",NA,NA,NA
"OTU5410","Bacteria","Actinobacteria","Actinobacteria","Actinomycetales",NA,NA,NA
"OTU5420","Bacteria","Actinobacteria","Actinobacteria","Actinomycetales",NA,NA,NA
"OTU5428","Bacteria","Proteobacteria","Alphaproteobacteria","Rhodospirillales",NA,NA,NA
"OTU5453","Bacteria","Proteobacteria","Alphaproteobacteria",NA,NA,NA,NA
"OTU5457","Bacteria","Actinobacteria","Actinobacteria","Actinomycetales",NA,NA,NA
"OTU5459","Bacteria","Actinobacteria","Actinobacteria","Solirubrobacterales","Solirubrobacteraceae","Solirubrobacter",NA
"OTU5505","Bacteria","Proteobacteria","Alphaproteobacteria",NA,NA,NA,NA
"OTU5513","Bacteria","Actinobacteria","Actinobacteria","Actinomycetales",NA,NA,NA
"OTU5586","Bacteria","Proteobacteria","Alphaproteobacteria","Rhodospirillales",NA,NA,NA
"OTU5594","Bacteria","Proteobacteria","Alphaproteobacteria","Rhodospirillales",NA,NA,NA
"OTU5601","Bacteria","Actinobacteria",NA,NA,NA,NA,NA
"OTU5607","Bacteria","Actinobacteria","Actinobacteria","Actinomycetales",NA,NA,NA
"OTU5622","Bacteria","Planctomycetes","Planctomycetia","Planctomycetales","Planctomycetaceae",NA,NA
"OTU5633","Bacteria","Acidobacteria","Acidobacteria_Gp1",NA,NA,NA,NA
"OTU5634","Bacteria","candidate_division_WPS-2","","","","WPS-2_genera_incertae_sedis",NA
"OTU5659","Bacteria","Proteobacteria","Alphaproteobacteria",NA,NA,NA,NA
"OTU5684","Bacteria","Proteobacteria","Alphaproteobacteria","Rhodospirillales",NA,NA,NA
"OTU5691","Bacteria","Actinobacteria","Actinobacteria","Solirubrobacterales","Solirubrobacteraceae","Solirubrobacter",NA
"OTU5700","Bacteria","Proteobacteria","Alphaproteobacteria","Rhodospirillales",NA,NA,NA
"OTU5731","Bacteria","Proteobacteria","Alphaproteobacteria","Rhizobiales",NA,NA,NA
"OTU5741","Bacteria","Actinobacteria","Actinobacteria","Actinomycetales","Pseudonocardiaceae","Allokutzneria",NA
"OTU5775","Bacteria","Actinobacteria","Actinobacteria","Actinomycetales",NA,NA,NA
"OTU5782","Bacteria","Acidobacteria","Acidobacteria_Gp3",NA,NA,NA,NA
"OTU5796","Bacteria","Proteobacteria","Alphaproteobacteria","Rhizobiales",NA,NA,NA
"OTU5799","Bacteria","Proteobacteria","Alphaproteobacteria","Rhizobiales",NA,NA,NA
"OTU5827","Bacteria","Acidobacteria","Acidobacteria_Gp3","","","Gp3",NA
"OTU5830","Bacteria","Proteobacteria","Alphaproteobacteria",NA,NA,NA,NA
"OTU5846","Bacteria","Actinobacteria",NA,NA,NA,NA,NA
"OTU5859","Bacteria","Acidobacteria","Acidobacteria_Gp1","","","Gp1",NA
"OTU5916","Bacteria","Proteobacteria","Alphaproteobacteria",NA,NA,NA,NA
"OTU5920","Bacteria","Proteobacteria","Alphaproteobacteria","Rhodospirillales",NA,NA,NA
"OTU5941","Bacteria","Actinobacteria","Actinobacteria","Actinomycetales",NA,NA,NA
"OTU5942","Bacteria","Acidobacteria","Acidobacteria_Gp16","","","Gp16",NA
"OTU5956","Bacteria","Actinobacteria",NA,NA,NA,NA,NA
"OTU5964","Bacteria","Proteobacteria","Alphaproteobacteria","Rhodospirillales","Acetobacteraceae",NA,NA
"OTU6024","Bacteria","Proteobacteria","Alphaproteobacteria","Rhizobiales",NA,NA,NA
"OTU6030","Bacteria","Actinobacteria","Actinobacteria","Actinomycetales",NA,NA,NA
"OTU6035","Bacteria","Actinobacteria","Actinobacteria","Actinomycetales",NA,NA,NA
"OTU6038","Bacteria","Proteobacteria","Alphaproteobacteria","Rhodospirillales",NA,NA,NA
"OTU6045","Bacteria","Planctomycetes","Planctomycetia","Planctomycetales","Planctomycetaceae","Singulisphaera",NA
"OTU6065","Bacteria","Proteobacteria","Alphaproteobacteria",NA,NA,NA,NA
"OTU6077","Bacteria","Actinobacteria","Actinobacteria","Actinomycetales",NA,NA,NA
"OTU6087","Bacteria","Acidobacteria","Acidobacteria_Gp1",NA,NA,NA,NA
"OTU6094","Bacteria","Proteobacteria","Alphaproteobacteria","Rhodospirillales","Acetobacteraceae",NA,NA
"OTU6142","Bacteria","Actinobacteria",NA,NA,NA,NA,NA
"OTU6162","Bacteria","Actinobacteria","Actinobacteria","Actinomycetales","Nocardioidaceae","Actinopolymorpha",NA
"OTU6248","Bacteria","Actinobacteria","Actinobacteria","Actinomycetales",NA,NA,NA
"OTU6256","Bacteria","Actinobacteria","Actinobacteria","Actinomycetales","Geodermatophilaceae",NA,NA
"OTU6271","Bacteria","Actinobacteria","Actinobacteria","Actinomycetales","Mycobacteriaceae","Mycobacterium",NA
"OTU6274","Bacteria","Proteobacteria","Alphaproteobacteria","Caulobacterales","Caulobacteraceae",NA,NA
"OTU6292","Bacteria","Proteobacteria",NA,NA,NA,NA,NA
"OTU6301","Bacteria","Actinobacteria","Actinobacteria","Actinomycetales","Nakamurellaceae","Nakamurella",NA
"OTU6341","Bacteria","Actinobacteria","Actinobacteria","Actinomycetales",NA,NA,NA
"OTU6365","Bacteria","Actinobacteria","Actinobacteria","Actinomycetales",NA,NA,NA
"OTU6403","Bacteria","Actinobacteria","Actinobacteria","Actinomycetales",NA,NA,NA
"OTU6414","Bacteria","Planctomycetes","Planctomycetia","Planctomycetales","Planctomycetaceae","Singulisphaera",NA
"OTU6425","Bacteria","Actinobacteria","Actinobacteria",NA,NA,NA,NA
"OTU6446","Bacteria","Actinobacteria","Actinobacteria","Actinomycetales",NA,NA,NA
"OTU6464","Bacteria","Actinobacteria","Actinobacteria","Actinomycetales",NA,NA,NA
"OTU6473","Bacteria","Acidobacteria","Acidobacteria_Gp1",NA,NA,NA,NA
"OTU6475","Bacteria","Proteobacteria","Alphaproteobacteria",NA,NA,NA,NA
"OTU6499","Bacteria","Proteobacteria","Alphaproteobacteria",NA,NA,NA,NA
"OTU6538","Bacteria","Acidobacteria","Acidobacteria_Gp1",NA,NA,NA,NA
"OTU6583","Bacteria","Actinobacteria","Actinobacteria","Actinomycetales",NA,NA,NA
"OTU6606","Bacteria","Proteobacteria","Alphaproteobacteria","Rhodospirillales",NA,NA,NA
"OTU6614","Bacteria","Proteobacteria",NA,NA,NA,NA,NA
"OTU6636","Bacteria","Proteobacteria","Alphaproteobacteria","Rhodospirillales",NA,NA,NA
"OTU6642","Bacteria","Actinobacteria","Actinobacteria","Solirubrobacterales",NA,NA,NA
"OTU6655","Bacteria","Acidobacteria","Acidobacteria_Gp1",NA,NA,NA,NA
"OTU6658","Bacteria","Proteobacteria","Alphaproteobacteria","Rhizobiales",NA,NA,NA
"OTU6667","Bacteria","Actinobacteria","Actinobacteria","Actinomycetales",NA,NA,NA
"OTU6671","Bacteria","Actinobacteria","Actinobacteria","Actinomycetales",NA,NA,NA
"OTU6686","Bacteria","Actinobacteria","Actinobacteria","Actinomycetales",NA,NA,NA
"OTU6702","Bacteria","Acidobacteria","Acidobacteria_Gp1",NA,NA,NA,NA
"OTU6703","Bacteria","Actinobacteria","Actinobacteria","Actinomycetales",NA,NA,NA
"OTU6723","Bacteria","Actinobacteria","Actinobacteria","Actinomycetales",NA,NA,NA
"OTU6737","Bacteria","Actinobacteria",NA,NA,NA,NA,NA
"OTU6749","Bacteria","Proteobacteria","Alphaproteobacteria","Rhodospirillales",NA,NA,NA
"OTU6751","Bacteria","Proteobacteria","Alphaproteobacteria",NA,NA,NA,NA
"OTU6752","Bacteria","Proteobacteria","Alphaproteobacteria","Rhodospirillales",NA,NA,NA
"OTU6804","Bacteria","Proteobacteria","Alphaproteobacteria",NA,NA,NA,NA
"OTU6812","Bacteria","Actinobacteria","Actinobacteria","Actinomycetales","Mycobacteriaceae","Mycobacterium",NA
"OTU6847","Bacteria","Proteobacteria","Alphaproteobacteria",NA,NA,NA,NA
"OTU6909","Bacteria","Proteobacteria","Alphaproteobacteria",NA,NA,NA,NA
"OTU6910","Bacteria","Actinobacteria","Actinobacteria","Actinomycetales",NA,NA,NA
"OTU6917","Bacteria","Planctomycetes","Planctomycetia","Planctomycetales","Planctomycetaceae",NA,NA
"OTU6924","Bacteria","","","","","",""
"OTU6933","Bacteria","Actinobacteria","Actinobacteria",NA,NA,NA,NA
"OTU6958","Bacteria","Proteobacteria",NA,NA,NA,NA,NA
"OTU6962","Bacteria","Proteobacteria","Alphaproteobacteria","Rhizobiales",NA,NA,NA
"OTU6996","Bacteria","Actinobacteria","Actinobacteria","Gaiellales","Gaiellaceae","Gaiella",NA
"OTU7018","Bacteria","Actinobacteria","Actinobacteria","Actinomycetales",NA,NA,NA
"OTU7030","Bacteria","Actinobacteria","Actinobacteria","Actinomycetales","Micromonosporaceae","Rugosimonospora",NA
"OTU7093","Bacteria","Actinobacteria","Actinobacteria","Actinomycetales","Geodermatophilaceae","Geodermatophilus",NA
"OTU7105","Bacteria","Proteobacteria","Alphaproteobacteria","Rhodospirillales",NA,NA,NA
"OTU7124","Bacteria","Actinobacteria","Actinobacteria","Actinomycetales",NA,NA,NA
"OTU7144","Bacteria","Planctomycetes","Planctomycetia","Planctomycetales","Planctomycetaceae",NA,NA
"OTU7149","Bacteria","Actinobacteria","Actinobacteria",NA,NA,NA,NA
"OTU7152","Bacteria","Proteobacteria","Alphaproteobacteria",NA,NA,NA,NA
"OTU7153","Bacteria","Actinobacteria","Actinobacteria","Actinomycetales",NA,NA,NA
"OTU7159","Bacteria","Proteobacteria","Alphaproteobacteria","Rhodospirillales",NA,NA,NA
"OTU7164","Bacteria","Actinobacteria","Actinobacteria",NA,NA,NA,NA
"OTU7180","Bacteria","Acidobacteria","Acidobacteria_Gp1",NA,NA,NA,NA
"OTU7188","Bacteria","Actinobacteria","Actinobacteria","Actinomycetales",NA,NA,NA
